{
  "in_dist::East Asian": {
    "confusion_matrix": [
      [
        662,
        115
      ],
      [
        443,
        330
      ]
    ],
    "matrix_labels": [
      "Female (0)",
      "Male (1)"
    ],
    "metrics": {
      "accuracy": 0.64,
      "precision": 0.7415730337078652,
      "recall": 0.4269081500646831,
      "f1_score": 0.5418719211822661,
      "specificity": 0.851994851994852,
      "true_negatives": 662,
      "false_positives": 115,
      "false_negatives": 443,
      "true_positives": 330
    },
    "n_samples": 1550
  },
  "ood::Indian": {
    "confusion_matrix": [
      [
        631,
        122
      ],
      [
        500,
        263
      ]
    ],
    "matrix_labels": [
      "Female (0)",
      "Male (1)"
    ],
    "metrics": {
      "accuracy": 0.5897097625329816,
      "precision": 0.6831168831168831,
      "recall": 0.34469200524246396,
      "f1_score": 0.45818815331010454,
      "specificity": 0.8379814077025233,
      "true_negatives": 631,
      "false_positives": 122,
      "false_negatives": 500,
      "true_positives": 263
    },
    "n_samples": 1516
  },
  "ood::Black": {
    "confusion_matrix": [
      [
        589,
        210
      ],
      [
        521,
        236
      ]
    ],
    "matrix_labels": [
      "Female (0)",
      "Male (1)"
    ],
    "metrics": {
      "accuracy": 0.5302056555269923,
      "precision": 0.5291479820627802,
      "recall": 0.31175693527080584,
      "f1_score": 0.3923524522028263,
      "specificity": 0.737171464330413,
      "true_negatives": 589,
      "false_positives": 210,
      "false_negatives": 521,
      "true_positives": 236
    },
    "n_samples": 1556
  },
  "ood::White": {
    "confusion_matrix": [
      [
        914,
        208
      ],
      [
        546,
        417
      ]
    ],
    "matrix_labels": [
      "Female (0)",
      "Male (1)"
    ],
    "metrics": {
      "accuracy": 0.6383693045563549,
      "precision": 0.6672,
      "recall": 0.43302180685358255,
      "f1_score": 0.5251889168765743,
      "specificity": 0.8146167557932263,
      "true_negatives": 914,
      "false_positives": 208,
      "false_negatives": 546,
      "true_positives": 417
    },
    "n_samples": 2085
  },
  "ood::Middle Eastern": {
    "confusion_matrix": [
      [
        674,
        139
      ],
      [
        241,
        155
      ]
    ],
    "matrix_labels": [
      "Female (0)",
      "Male (1)"
    ],
    "metrics": {
      "accuracy": 0.685690653432589,
      "precision": 0.5272108843537415,
      "recall": 0.39141414141414144,
      "f1_score": 0.4492753623188406,
      "specificity": 0.8290282902829028,
      "true_negatives": 674,
      "false_positives": 139,
      "false_negatives": 241,
      "true_positives": 155
    },
    "n_samples": 1209
  },
  "ood::Latino_Hispanic": {
    "confusion_matrix": [
      [
        684,
        109
      ],
      [
        507,
        323
      ]
    ],
    "matrix_labels": [
      "Female (0)",
      "Male (1)"
    ],
    "metrics": {
      "accuracy": 0.6204559457794209,
      "precision": 0.7476851851851852,
      "recall": 0.3891566265060241,
      "f1_score": 0.5118858954041204,
      "specificity": 0.862547288776797,
      "true_negatives": 684,
      "false_positives": 109,
      "false_negatives": 507,
      "true_positives": 323
    },
    "n_samples": 1623
  },
  "ood::Southeast Asian": {
    "confusion_matrix": [
      [
        625,
        110
      ],
      [
        440,
        240
      ]
    ],
    "matrix_labels": [
      "Female (0)",
      "Male (1)"
    ],
    "metrics": {
      "accuracy": 0.6113074204946997,
      "precision": 0.6857142857142857,
      "recall": 0.35294117647058826,
      "f1_score": 0.46601941747572817,
      "specificity": 0.8503401360544217,
      "true_negatives": 625,
      "false_positives": 110,
      "false_negatives": 440,
      "true_positives": 240
    },
    "n_samples": 1415
  },
  "ood::all": {
    "confusion_matrix": [
      [
        4117,
        898
      ],
      [
        2755,
        1634
      ]
    ],
    "matrix_labels": [
      "Female (0)",
      "Male (1)"
    ],
    "metrics": {
      "accuracy": 0.6115482773287962,
      "precision": 0.6453396524486572,
      "recall": 0.3722943722943723,
      "f1_score": 0.47218610027452673,
      "specificity": 0.8209371884346959,
      "true_negatives": 4117,
      "false_positives": 898,
      "false_negatives": 2755,
      "true_positives": 1634
    },
    "n_samples": 9404
  }
}