{
  "in_dist::Latino_Hispanic": {
    "confusion_matrix": [
      [
        447,
        346
      ],
      [
        61,
        769
      ]
    ],
    "matrix_labels": [
      "Female (0)",
      "Male (1)"
    ],
    "metrics": {
      "accuracy": 0.7492298213185459,
      "precision": 0.6896860986547085,
      "recall": 0.9265060240963855,
      "f1_score": 0.790745501285347,
      "specificity": 0.5636822194199244,
      "true_negatives": 447,
      "false_positives": 346,
      "false_negatives": 61,
      "true_positives": 769
    },
    "n_samples": 1623
  },
  "ood::East Asian": {
    "confusion_matrix": [
      [
        286,
        491
      ],
      [
        60,
        713
      ]
    ],
    "matrix_labels": [
      "Female (0)",
      "Male (1)"
    ],
    "metrics": {
      "accuracy": 0.6445161290322581,
      "precision": 0.5921926910299004,
      "recall": 0.9223803363518758,
      "f1_score": 0.7212948912493677,
      "specificity": 0.3680823680823681,
      "true_negatives": 286,
      "false_positives": 491,
      "false_negatives": 60,
      "true_positives": 713
    },
    "n_samples": 1550
  },
  "ood::Indian": {
    "confusion_matrix": [
      [
        408,
        345
      ],
      [
        71,
        692
      ]
    ],
    "matrix_labels": [
      "Female (0)",
      "Male (1)"
    ],
    "metrics": {
      "accuracy": 0.7255936675461742,
      "precision": 0.6673095467695275,
      "recall": 0.9069462647444299,
      "f1_score": 0.7688888888888888,
      "specificity": 0.5418326693227091,
      "true_negatives": 408,
      "false_positives": 345,
      "false_negatives": 71,
      "true_positives": 692
    },
    "n_samples": 1516
  },
  "ood::Black": {
    "confusion_matrix": [
      [
        355,
        444
      ],
      [
        120,
        637
      ]
    ],
    "matrix_labels": [
      "Female (0)",
      "Male (1)"
    ],
    "metrics": {
      "accuracy": 0.6375321336760925,
      "precision": 0.5892691951896393,
      "recall": 0.8414795244385733,
      "f1_score": 0.6931447225244832,
      "specificity": 0.44430538172715894,
      "true_negatives": 355,
      "false_positives": 444,
      "false_negatives": 120,
      "true_positives": 637
    },
    "n_samples": 1556
  },
  "ood::White": {
    "confusion_matrix": [
      [
        564,
        558
      ],
      [
        97,
        866
      ]
    ],
    "matrix_labels": [
      "Female (0)",
      "Male (1)"
    ],
    "metrics": {
      "accuracy": 0.6858513189448441,
      "precision": 0.6081460674157303,
      "recall": 0.8992731048805815,
      "f1_score": 0.7255969836614997,
      "specificity": 0.5026737967914439,
      "true_negatives": 564,
      "false_positives": 558,
      "false_negatives": 97,
      "true_positives": 866
    },
    "n_samples": 2085
  },
  "ood::Middle Eastern": {
    "confusion_matrix": [
      [
        458,
        355
      ],
      [
        29,
        367
      ]
    ],
    "matrix_labels": [
      "Female (0)",
      "Male (1)"
    ],
    "metrics": {
      "accuracy": 0.6823821339950372,
      "precision": 0.5083102493074793,
      "recall": 0.9267676767676768,
      "f1_score": 0.6565295169946332,
      "specificity": 0.5633456334563346,
      "true_negatives": 458,
      "false_positives": 355,
      "false_negatives": 29,
      "true_positives": 367
    },
    "n_samples": 1209
  },
  "ood::Southeast Asian": {
    "confusion_matrix": [
      [
        296,
        439
      ],
      [
        76,
        604
      ]
    ],
    "matrix_labels": [
      "Female (0)",
      "Male (1)"
    ],
    "metrics": {
      "accuracy": 0.6360424028268551,
      "precision": 0.5790987535953979,
      "recall": 0.888235294117647,
      "f1_score": 0.7011027278003482,
      "specificity": 0.40272108843537413,
      "true_negatives": 296,
      "false_positives": 439,
      "false_negatives": 76,
      "true_positives": 604
    },
    "n_samples": 1415
  },
  "ood::all": {
    "confusion_matrix": [
      [
        2367,
        2632
      ],
      [
        453,
        3879
      ]
    ],
    "matrix_labels": [
      "Female (0)",
      "Male (1)"
    ],
    "metrics": {
      "accuracy": 0.6693816311220663,
      "precision": 0.5957610198126247,
      "recall": 0.8954293628808865,
      "f1_score": 0.7154846444710873,
      "specificity": 0.47349469893978796,
      "true_negatives": 2367,
      "false_positives": 2632,
      "false_negatives": 453,
      "true_positives": 3879
    },
    "n_samples": 9331
  }
}